created_at,entry_id,field1,field2,field3
2018-10-28 07:04:00 UTC,31,0.13,6.75,15963.56
2018-10-28 07:05:00 UTC,32,0.11,8.71,16738.16
2018-10-28 07:06:01 UTC,33,0.11,9.29,18391.24
2018-10-28 07:07:02 UTC,34,0.10,11.39,35289.04
2018-10-28 07:08:02 UTC,35,0.10,10.48,41038.64
2018-10-28 07:09:03 UTC,36,0.10,9.59,32411.02
2018-10-28 07:10:03 UTC,37,0.12,9.59,11318.99
2018-10-28 07:11:04 UTC,38,0.12,11.08,17260.48
2018-10-28 07:12:05 UTC,39,0.11,12.00,28784.01
2018-10-28 07:13:06 UTC,40,0.12,11.39,43071.70
2018-10-28 07:14:07 UTC,41,0.11,14.86,32332.49
2018-10-28 07:15:08 UTC,42,0.11,14.21,30990.84
2018-10-28 07:16:09 UTC,43,0.11,14.21,66077.17
2018-10-28 07:17:12 UTC,44,0.10,16.17,40690.96
2018-10-28 07:18:13 UTC,45,0.11,12.62,21646.08
2018-10-28 07:19:14 UTC,46,0.10,15.19,16080.54
2018-10-28 07:20:15 UTC,47,0.10,15.19,22172.03
2018-10-28 07:21:16 UTC,48,0.10,14.86,13996.29
2018-10-28 07:22:17 UTC,49,0.10,12.62,13716.54
2018-10-28 07:23:18 UTC,50,0.10,13.57,15548.82
2018-10-28 07:24:19 UTC,51,0.10,12.94,15681.01
2018-10-28 07:25:19 UTC,52,0.09,15.51,20343.14
2018-10-28 07:26:20 UTC,53,0.10,11.69,11711.66
2018-10-28 07:27:21 UTC,54,0.12,9.29,5032.23
2018-10-28 07:28:21 UTC,55,0.14,6.75,6562.88
2018-10-28 07:29:22 UTC,56,0.16,6.48,6911.76
2018-10-28 07:30:23 UTC,57,0.16,5.94,14285.88
2018-10-28 07:31:23 UTC,58,0.17,5.67,8302.95
2018-10-28 07:32:24 UTC,59,0.18,5.15,7611.80
2018-10-28 07:33:25 UTC,60,0.19,4.89,10275.21
2018-10-28 07:34:26 UTC,61,0.20,4.64,13043.33
2018-10-28 07:35:27 UTC,62,0.21,4.39,9329.63
2018-10-28 07:36:27 UTC,63,0.23,4.14,7721.95
2018-10-28 07:37:29 UTC,64,0.23,4.39,10639.18
2018-10-28 07:38:29 UTC,65,0.25,3.89,6876.13
2018-10-28 07:39:29 UTC,66,0.25,3.89,6594.34
2018-10-28 07:40:30 UTC,67,0.25,3.89,11094.52
2018-10-28 07:41:31 UTC,68,0.27,3.89,7366.18
2018-10-28 07:42:32 UTC,69,0.28,3.64,8834.96
2018-10-28 07:43:33 UTC,70,0.27,3.89,7151.59
2018-10-28 07:44:33 UTC,71,0.28,3.89,9236.43
2018-10-28 07:45:34 UTC,72,0.28,3.89,8246.99
2018-10-28 07:46:35 UTC,73,0.28,3.64,9675.19
2018-10-28 07:47:36 UTC,74,0.29,3.89,5949.00
2018-10-28 07:48:36 UTC,75,0.30,3.40,7076.07
2018-10-28 07:49:37 UTC,76,0.30,3.64,8193.47
2018-10-28 07:50:38 UTC,77,0.28,3.89,12101.34
2018-10-28 07:51:39 UTC,78,0.28,3.89,7056.85
2018-10-28 07:52:40 UTC,79,0.27,3.89,5289.13
2018-10-28 07:53:40 UTC,80,0.29,3.40,6304.13
2018-10-28 07:54:41 UTC,81,0.29,3.40,6530.48
2018-10-28 07:55:41 UTC,82,0.26,4.14,10416.36
2018-10-28 07:56:42 UTC,83,0.26,4.14,6931.99
2018-10-28 07:57:42 UTC,84,0.26,3.89,6961.66
2018-10-28 07:58:43 UTC,85,0.25,4.14,8899.29
2018-10-28 07:59:44 UTC,86,0.27,3.40,8640.13
2018-10-28 08:00:45 UTC,87,0.24,4.14,8064.11
2018-10-28 08:01:45 UTC,88,0.24,4.14,6507.88
2018-10-28 08:02:46 UTC,89,0.24,4.14,6058.20
2018-10-28 08:03:47 UTC,90,0.24,4.14,6253.80
2018-10-28 08:04:47 UTC,91,0.24,4.14,6594.94
2018-10-28 08:05:48 UTC,92,0.24,4.14,6677.31
2018-10-28 08:06:49 UTC,93,0.24,3.89,6119.93
2018-10-28 08:07:50 UTC,94,0.24,4.14,6468.26
2018-10-28 08:08:51 UTC,95,0.24,4.14,6725.61
2018-10-28 08:09:51 UTC,96,0.24,4.14,5947.71
2018-10-28 08:10:52 UTC,97,0.23,4.14,7501.75
2018-10-28 08:11:52 UTC,98,0.23,4.14,7074.38
2018-10-28 08:12:53 UTC,99,0.23,4.14,8285.83
2018-10-28 08:13:54 UTC,100,0.23,4.14,5859.59
2018-10-28 08:14:55 UTC,101,0.26,3.40,7474.05
2018-10-28 08:15:55 UTC,102,0.23,4.14,5798.23
2018-10-28 08:16:55 UTC,103,0.23,4.14,6568.15
2018-10-28 08:17:56 UTC,104,0.23,4.14,5730.32
2018-10-28 08:18:57 UTC,105,0.26,3.40,7195.18
2018-10-28 08:19:58 UTC,106,0.24,4.14,8845.15
2018-10-28 08:20:58 UTC,107,0.25,3.89,5650.88
2018-10-28 08:21:59 UTC,108,0.23,4.39,7334.08
2018-10-28 08:23:00 UTC,109,0.23,4.39,16769.63
2018-10-28 08:24:01 UTC,110,0.26,3.64,50978.51
2018-10-28 08:25:03 UTC,111,0.24,4.39,45482.91
2018-10-28 08:26:04 UTC,112,0.24,4.39,51520.84
2018-10-28 08:27:05 UTC,113,0.24,4.14,40512.64
2018-10-28 08:28:05 UTC,114,0.23,4.39,21673.12
2018-10-28 08:29:07 UTC,115,0.23,4.64,16808.30
2018-10-28 08:30:08 UTC,116,0.25,3.64,27374.85
2018-10-28 08:31:09 UTC,117,0.23,4.39,26626.39
2018-10-28 08:32:10 UTC,118,0.23,4.64,19625.26
2018-10-28 08:33:11 UTC,119,0.24,3.89,22127.04
2018-10-28 08:34:12 UTC,120,0.25,3.89,27423.80
2018-10-28 08:35:14 UTC,121,0.23,4.64,40341.30
2018-10-28 08:36:15 UTC,122,0.23,4.64,49322.21
2018-10-28 08:37:17 UTC,123,0.25,3.89,28603.37
2018-10-28 08:38:18 UTC,124,0.22,4.64,22499.92
2018-10-28 08:39:19 UTC,125,0.22,4.64,10157.98
2018-10-28 08:40:20 UTC,126,0.22,4.89,10339.14
2018-10-28 08:41:21 UTC,127,0.22,4.89,11464.63
2018-10-28 08:42:22 UTC,128,0.22,4.89,9970.21
2018-10-28 08:43:23 UTC,129,0.22,4.89,6357.18
2018-10-28 08:44:24 UTC,130,0.22,4.89,7179.19
2018-10-28 08:45:25 UTC,131,0.22,4.89,8832.11
2018-10-28 08:46:26 UTC,132,0.22,4.89,9823.62
2018-10-28 08:47:26 UTC,133,0.22,4.89,6971.39
2018-10-28 08:48:27 UTC,134,0.23,4.64,9240.45
2018-10-28 08:49:28 UTC,135,0.22,4.89,9604.36
2018-10-28 08:50:29 UTC,136,0.22,4.89,10102.97
2018-10-28 08:52:32 UTC,137,0.22,4.64,8530.68
2018-10-28 08:53:33 UTC,138,0.22,4.89,10714.40
2018-10-28 08:54:34 UTC,139,0.22,5.15,16971.56
2018-10-28 08:55:35 UTC,140,0.21,5.41,8985.55
2018-10-28 08:56:36 UTC,141,0.20,5.41,9003.65
2018-10-28 08:57:37 UTC,142,0.19,5.67,6204.44
2018-10-28 08:58:38 UTC,143,0.18,5.94,7809.02
2018-10-28 08:59:39 UTC,144,0.18,5.94,7599.13
2018-10-28 09:00:40 UTC,145,0.18,5.94,7495.63
2018-10-28 09:01:41 UTC,146,0.18,5.67,7473.79
2018-10-28 09:02:42 UTC,147,0.17,5.94,8659.24
2018-10-28 09:03:43 UTC,148,0.17,5.94,7703.51
2018-10-28 09:04:43 UTC,149,0.17,6.21,6714.96
2018-10-28 09:05:45 UTC,150,0.17,6.21,6731.28
2018-10-28 09:06:45 UTC,151,0.17,6.21,5594.39
2018-10-28 09:07:46 UTC,152,0.17,5.94,7030.36
2018-10-28 09:08:47 UTC,153,0.17,5.94,6499.09
2018-10-28 09:09:48 UTC,154,0.17,5.94,6970.85
2018-10-28 09:10:49 UTC,155,0.17,6.21,7183.81
2018-10-28 09:11:50 UTC,156,0.17,6.21,6430.88
2018-10-28 09:12:51 UTC,157,0.18,5.94,8157.23
2018-10-28 09:13:52 UTC,158,0.17,6.21,5378.46
2018-10-28 09:14:53 UTC,159,0.17,5.94,9279.39
2018-10-28 09:15:55 UTC,160,0.19,5.15,7965.36
2018-10-28 09:16:56 UTC,161,0.17,5.94,6915.25
2018-10-28 09:17:57 UTC,162,0.17,6.21,7223.38
2018-10-28 09:18:58 UTC,163,0.19,5.15,8359.30
2018-10-28 09:19:59 UTC,164,0.17,6.21,8840.49
2018-10-28 09:21:01 UTC,165,0.17,6.21,8337.20
2018-10-28 09:22:02 UTC,166,0.18,5.15,6644.65
2018-10-28 09:23:03 UTC,167,0.17,5.94,8746.31
2018-10-28 09:24:04 UTC,168,0.17,6.21,6267.87
2018-10-28 09:25:06 UTC,169,0.17,6.21,7112.92
2018-10-28 09:26:06 UTC,170,0.17,6.21,6312.19
2018-10-28 09:27:07 UTC,171,0.17,6.21,7662.13
2018-10-28 09:28:08 UTC,172,0.19,5.15,5721.97
2018-10-28 09:29:08 UTC,173,0.18,5.41,7804.78
2018-10-28 09:30:09 UTC,174,0.17,5.94,11621.08
2018-10-28 09:31:10 UTC,175,0.17,5.94,5472.99
2018-10-28 09:32:11 UTC,176,0.17,6.21,6750.85
2018-10-28 09:33:13 UTC,177,0.18,5.41,6328.91
2018-10-28 09:34:14 UTC,178,0.17,5.94,7545.64
2018-10-28 09:35:15 UTC,179,0.17,6.21,6877.04
2018-10-28 09:36:16 UTC,180,0.17,5.94,9242.53
2018-10-28 09:37:18 UTC,181,0.19,5.15,9429.53
2018-10-28 09:38:18 UTC,182,0.19,5.94,8251.32
2018-10-28 09:39:19 UTC,183,0.17,5.94,5703.65
2018-10-28 09:40:20 UTC,184,0.19,4.89,9481.33
2018-10-28 09:41:21 UTC,185,0.18,5.94,6531.65
2018-10-28 09:42:21 UTC,186,0.19,5.41,8502.12
2018-10-28 09:43:22 UTC,187,0.18,5.94,7420.87
2018-10-28 09:44:23 UTC,188,0.18,5.94,9320.73
2018-10-28 09:45:25 UTC,189,0.18,5.94,7329.70
2018-10-28 09:46:26 UTC,190,0.18,5.94,7191.95
2018-10-28 09:47:27 UTC,191,0.18,5.94,7179.00
2018-10-28 09:48:28 UTC,192,0.18,5.67,6928.39
2018-10-28 09:49:29 UTC,193,0.18,5.67,6110.05
2018-10-28 09:50:29 UTC,194,0.18,5.67,7876.35
2018-10-28 09:51:31 UTC,195,0.18,5.94,6454.29
2018-10-28 09:52:32 UTC,196,0.18,5.67,6931.58
2018-10-28 09:53:32 UTC,197,0.18,5.94,7108.41
2018-10-28 09:54:34 UTC,198,0.18,5.67,8047.19
2018-10-28 09:55:35 UTC,199,0.18,5.67,8164.85
2018-10-28 09:56:36 UTC,200,0.18,5.67,9825.14
2018-10-28 09:57:37 UTC,201,0.18,5.67,9224.06
2018-10-28 09:58:38 UTC,202,0.18,5.67,7474.68
2018-10-28 09:59:39 UTC,203,0.18,5.67,6793.39
2018-10-28 10:00:40 UTC,204,0.19,5.67,4879.46
2018-10-28 10:01:41 UTC,205,0.19,5.67,7972.99
2018-10-28 10:02:42 UTC,206,0.19,5.67,7720.47
2018-10-28 10:03:43 UTC,207,0.19,5.67,6230.83
2018-10-28 10:04:43 UTC,208,0.21,4.64,7183.56
2018-10-28 10:05:44 UTC,209,0.19,5.67,6752.75
2018-10-28 10:06:45 UTC,210,0.19,5.67,7380.66
2018-10-28 10:07:46 UTC,211,0.19,5.41,8095.48
2018-10-28 10:08:47 UTC,212,0.19,5.41,8248.30
2018-10-28 10:09:48 UTC,213,0.19,5.67,8245.52
2018-10-28 10:10:49 UTC,214,0.19,5.67,7452.83
2018-10-28 10:11:51 UTC,215,0.19,5.41,7316.63
2018-10-28 10:12:52 UTC,216,0.19,5.41,7664.14
2018-10-28 10:13:53 UTC,217,0.20,5.41,8572.64
2018-10-28 10:14:54 UTC,218,0.20,5.41,6449.98
2018-10-28 10:15:56 UTC,219,0.20,5.41,6129.63
2018-10-28 10:16:56 UTC,220,0.20,5.41,7158.83
2018-10-28 10:17:57 UTC,221,0.20,5.41,10618.77
2018-10-28 10:18:58 UTC,222,0.20,5.41,8144.80
2018-10-28 10:19:59 UTC,223,0.20,5.41,9404.89
2018-10-28 10:21:00 UTC,224,0.21,5.15,6978.54
2018-10-28 10:22:01 UTC,225,0.20,5.41,5524.39
2018-10-28 10:23:02 UTC,226,0.20,5.41,7782.69
2018-10-28 10:24:03 UTC,227,0.20,5.41,7554.35
2018-10-28 10:25:04 UTC,228,0.20,5.41,6904.54
2018-10-28 10:26:05 UTC,229,0.20,5.41,6248.45
2018-10-28 10:27:06 UTC,230,0.20,5.41,6256.62
2018-10-28 10:28:07 UTC,231,0.20,5.41,7759.80
2018-10-28 10:29:08 UTC,232,0.20,5.41,5083.30
2018-10-28 10:30:09 UTC,233,0.20,5.41,9685.58
2018-10-28 10:31:09 UTC,234,0.20,5.41,7326.37
2018-10-28 10:32:10 UTC,235,0.20,5.41,8007.09
2018-10-28 10:33:10 UTC,236,0.22,4.64,8238.82
2018-10-28 10:34:10 UTC,237,0.20,5.41,7603.00
2018-10-28 10:35:11 UTC,238,0.20,5.41,8026.97
2018-10-28 10:36:12 UTC,239,0.20,5.41,6755.74
2018-10-28 10:37:12 UTC,240,0.20,5.41,8177.43
2018-10-28 10:38:13 UTC,241,0.20,5.41,8134.47
2018-10-28 10:39:14 UTC,242,0.20,5.41,6719.33
2018-10-28 10:40:15 UTC,243,0.21,5.41,10327.27
2018-10-28 10:41:15 UTC,244,0.20,5.15,6648.66
2018-10-28 10:42:16 UTC,245,0.21,5.15,7379.34
2018-10-28 10:43:16 UTC,246,0.23,4.39,5419.61
2018-10-28 10:44:17 UTC,247,0.21,5.15,7192.00
2018-10-28 10:45:18 UTC,248,0.21,5.15,8548.92
2018-10-28 10:46:19 UTC,249,0.21,5.15,8310.50
2018-10-28 10:47:19 UTC,250,0.21,5.15,7885.51
2018-10-28 10:48:20 UTC,251,0.21,5.15,7825.95
2018-10-28 10:49:20 UTC,252,0.21,5.15,6639.46
2018-10-28 10:50:22 UTC,253,0.21,5.15,10298.04
2018-10-28 10:51:22 UTC,254,0.21,5.15,7802.91
2018-10-28 10:52:23 UTC,255,0.24,4.39,8954.18
2018-10-28 10:53:23 UTC,256,0.22,5.15,5991.58
2018-10-28 10:54:24 UTC,257,0.22,4.89,8745.33
2018-10-28 10:55:27 UTC,258,0.24,4.39,7943.79
2018-10-28 10:56:27 UTC,259,0.22,5.15,7372.32
2018-10-28 10:57:29 UTC,260,0.22,5.15,6194.51
2018-10-28 10:58:29 UTC,261,0.22,5.15,9236.93
2018-10-28 10:59:30 UTC,262,0.24,4.39,5279.89
2018-10-28 11:00:31 UTC,263,0.24,4.64,6079.01
2018-10-28 11:01:32 UTC,264,0.22,4.89,14760.45
2018-10-28 11:02:32 UTC,265,0.22,5.15,17873.73
2018-10-28 11:03:34 UTC,266,0.22,5.41,15489.94
2018-10-28 11:04:34 UTC,267,0.24,4.39,37000.71
2018-10-28 11:05:35 UTC,268,0.21,5.41,44239.92
2018-10-28 11:06:36 UTC,269,0.23,5.15,23617.70
2018-10-28 11:07:36 UTC,270,0.20,9.59,31728.56
2018-10-28 11:08:36 UTC,271,0.15,34.47,46629.64
2018-10-28 11:09:36 UTC,272,0.08,86.53,24268.40
2018-10-28 11:10:37 UTC,273,0.04,171.52,26762.04
2018-10-28 11:11:38 UTC,274,0.03,171.52,26886.48
2018-10-28 11:12:38 UTC,275,0.03,134.56,9911.97
2018-10-28 11:13:40 UTC,276,0.03,94.57,7840.88
2018-10-28 11:14:40 UTC,277,0.03,79.42,8609.67
2018-10-28 11:15:41 UTC,278,0.03,75.98,10466.92
2018-10-28 11:16:41 UTC,279,0.03,55.81,12996.91
2018-10-28 11:17:42 UTC,280,0.03,56.81,8684.01
2018-10-28 11:18:42 UTC,281,0.03,49.06,10565.22
2018-10-28 11:19:43 UTC,282,0.03,40.87,10878.87
2018-10-28 11:20:44 UTC,283,0.03,126.95,8651.78
2018-10-28 11:21:45 UTC,284,0.02,214.98,9582.13
2018-10-28 11:22:45 UTC,285,0.02,101.68,13420.89
2018-10-28 11:23:46 UTC,286,0.02,119.60,8098.10
2018-10-28 11:24:47 UTC,287,0.02,80.58,6401.02
2018-10-28 11:25:47 UTC,288,0.02,84.12,10736.25
2018-10-28 11:26:47 UTC,289,0.03,67.69,9093.45
2018-10-28 11:27:47 UTC,290,0.03,56.81,7682.77
2018-10-28 11:28:48 UTC,291,0.03,61.37,7093.95
2018-10-28 11:29:49 UTC,292,0.03,78.26,8595.92
2018-10-28 11:30:49 UTC,293,0.03,101.02,9063.86
2018-10-28 11:31:50 UTC,294,0.03,139.26,15930.81
2018-10-28 11:32:51 UTC,295,0.02,282.07,7571.74
2018-10-28 11:33:51 UTC,296,0.03,85.32,7635.33
2018-10-28 11:34:52 UTC,297,0.03,37.41,8005.08
2018-10-28 11:35:53 UTC,298,0.04,27.68,25069.19
2018-10-28 11:36:54 UTC,299,0.04,19.94,11810.14
2018-10-28 11:37:55 UTC,300,0.05,14.53,13089.96
2018-10-28 11:38:56 UTC,301,0.05,14.21,12939.31
2018-10-28 11:39:56 UTC,302,0.06,10.78,14183.14
2018-10-28 11:40:57 UTC,303,0.05,11.69,9158.37
2018-10-28 11:41:58 UTC,304,0.06,10.18,13037.75
2018-10-28 11:42:58 UTC,305,0.06,9.29,10935.63
2018-10-28 11:43:59 UTC,306,0.06,9.88,12934.03
2018-10-28 11:44:59 UTC,307,0.07,9.59,8089.71
2018-10-28 11:46:00 UTC,308,0.07,9.29,12802.94
2018-10-28 11:47:00 UTC,309,0.07,8.71,7775.56
2018-10-28 11:48:01 UTC,310,0.07,8.43,9224.94
2018-10-28 11:49:02 UTC,311,0.07,8.43,9965.26
2018-10-28 11:50:03 UTC,312,0.08,8.14,16198.16
2018-10-28 11:51:04 UTC,313,0.09,5.94,25772.05
2018-10-28 11:52:05 UTC,314,0.08,7.86,15642.97
2018-10-28 11:53:06 UTC,315,0.08,7.30,12794.99
2018-10-28 11:54:07 UTC,316,0.09,6.21,13197.17
2018-10-28 11:55:07 UTC,317,0.09,6.21,9874.44
2018-10-28 11:56:08 UTC,318,0.10,5.94,14038.85
2018-10-28 11:57:09 UTC,319,0.09,6.75,12090.37
2018-10-28 11:58:11 UTC,320,0.09,6.75,20234.87
2018-10-28 11:59:11 UTC,321,0.10,5.94,13688.87
2018-10-28 12:00:12 UTC,322,0.10,5.67,21147.05
2018-10-28 12:01:12 UTC,323,0.10,6.75,15663.00
2018-10-28 12:02:13 UTC,324,0.10,6.48,14130.54
2018-10-28 12:03:14 UTC,325,0.10,6.48,15266.68
2018-10-28 12:04:15 UTC,326,0.10,6.21,18969.86
2018-10-28 12:05:16 UTC,327,0.10,6.48,14771.37
2018-10-28 12:06:16 UTC,328,0.10,6.21,14724.09
2018-10-28 12:07:17 UTC,329,0.10,6.21,12767.93
2018-10-28 12:08:17 UTC,330,0.11,5.94,8828.73
2018-10-28 12:09:18 UTC,331,0.11,5.94,8590.97
2018-10-28 12:10:19 UTC,332,0.11,5.94,8496.85
2018-10-28 12:11:19 UTC,333,0.11,5.67,6207.76
2018-10-28 12:12:20 UTC,334,0.11,5.67,10746.13
2018-10-28 12:13:21 UTC,335,0.12,5.41,62984.83
2018-10-28 12:14:22 UTC,336,0.13,4.89,57679.53
2018-10-28 12:15:23 UTC,337,0.13,4.64,24056.46
2018-10-28 12:16:24 UTC,338,0.12,4.89,21140.44
2018-10-28 12:17:24 UTC,339,0.13,4.89,13068.49
2018-10-28 12:18:25 UTC,340,0.12,5.41,11671.72
2018-10-28 12:19:26 UTC,341,0.12,5.41,8898.38
2018-10-28 12:20:27 UTC,342,0.12,5.41,8528.61
2018-10-28 12:21:28 UTC,343,0.12,5.15,10796.86
2018-10-28 12:22:29 UTC,344,0.13,4.64,11140.83
2018-10-28 12:23:30 UTC,345,0.13,5.15,11594.09
2018-10-28 12:24:30 UTC,346,0.13,5.41,11239.73
2018-10-28 12:25:31 UTC,347,0.13,5.15,14298.28
2018-10-28 12:26:32 UTC,348,0.14,4.39,9630.81
2018-10-28 12:27:33 UTC,349,0.13,5.15,11292.31
2018-10-28 12:28:33 UTC,350,0.13,4.89,15011.27
2018-10-28 12:29:34 UTC,351,0.14,4.39,8830.15
2018-10-28 12:30:34 UTC,352,0.14,4.14,13347.70
2018-10-28 12:31:36 UTC,353,0.13,4.89,14540.39
2018-10-28 12:32:37 UTC,354,0.14,4.89,12618.82
2018-10-28 12:33:38 UTC,355,0.14,4.89,16382.77
2018-10-28 12:34:39 UTC,356,0.14,4.89,10912.80
2018-10-28 12:35:40 UTC,357,0.14,4.89,9022.00
2018-10-28 12:36:40 UTC,358,0.14,4.89,11315.92
2018-10-28 12:37:41 UTC,359,0.14,4.89,9650.38
2018-10-28 12:38:41 UTC,360,0.14,4.89,9208.67
2018-10-28 12:39:42 UTC,361,0.14,4.89,14287.42
2018-10-28 12:40:43 UTC,362,0.14,4.64,8907.95
2018-10-28 12:41:43 UTC,363,0.14,4.89,11045.76
2018-10-28 12:42:44 UTC,364,0.15,4.64,10171.32
2018-10-28 12:43:44 UTC,365,0.16,4.14,10717.45
2018-10-28 12:44:45 UTC,366,0.15,4.64,11674.82
2018-10-28 12:45:45 UTC,367,0.15,4.64,10549.29
2018-10-28 12:46:47 UTC,368,0.15,4.39,11245.93
2018-10-28 12:47:47 UTC,369,0.15,4.64,10331.03
2018-10-28 12:48:48 UTC,370,0.15,4.64,8902.85
2018-10-28 12:49:48 UTC,371,0.16,3.89,9553.09
2018-10-28 12:50:49 UTC,372,0.15,4.64,9687.65
2018-10-28 12:51:50 UTC,373,0.15,4.64,7536.58
2018-10-28 12:52:51 UTC,374,0.15,4.64,9333.21
2018-10-28 12:53:52 UTC,375,0.16,4.14,7415.39
2018-10-28 12:54:53 UTC,376,0.15,4.64,15133.12
2018-10-28 12:55:53 UTC,377,0.16,4.14,9433.78
2018-10-28 12:56:54 UTC,378,0.16,4.64,8702.40
2018-10-28 12:57:55 UTC,379,0.15,4.64,9576.47
2018-10-28 12:58:55 UTC,380,0.16,4.64,11633.20
2018-10-28 12:59:56 UTC,381,0.16,4.64,15821.73
2018-10-28 13:00:56 UTC,382,0.16,4.64,11491.70
2018-10-28 13:01:57 UTC,383,0.16,4.64,13218.69
2018-10-28 13:02:57 UTC,384,0.16,4.64,10566.19
2018-10-28 13:03:58 UTC,385,0.16,4.64,9688.16
2018-10-28 13:04:59 UTC,386,0.16,4.39,15081.90
2018-10-28 13:05:59 UTC,387,0.16,4.39,9346.84
2018-10-28 13:07:00 UTC,388,0.16,4.39,11245.45
2018-10-28 13:08:01 UTC,389,0.16,4.39,11548.79
2018-10-28 13:09:02 UTC,390,0.16,4.39,9670.83
2018-10-28 13:10:03 UTC,391,0.16,4.39,9186.00
2018-10-28 13:11:04 UTC,392,0.16,4.39,8360.45
2018-10-28 13:12:04 UTC,393,0.16,4.39,8652.17
2018-10-28 13:13:05 UTC,394,0.16,4.39,10494.83
2018-10-28 13:14:06 UTC,395,0.18,3.64,10534.04
2018-10-28 13:15:06 UTC,396,0.16,4.64,14942.58
2018-10-28 13:16:07 UTC,397,0.16,4.39,11919.71
2018-10-28 13:17:08 UTC,398,0.16,4.39,11672.97
2018-10-28 13:18:08 UTC,399,0.16,4.39,11743.71
2018-10-28 13:19:09 UTC,400,0.17,4.39,9331.22
2018-10-28 13:20:10 UTC,401,0.17,4.39,13322.70
2018-10-28 13:21:11 UTC,402,0.18,3.64,9331.25
2018-10-28 13:22:12 UTC,403,0.17,4.39,13759.60
2018-10-28 13:23:13 UTC,404,0.17,4.39,12950.68
2018-10-28 13:24:14 UTC,405,0.17,4.39,10159.90
2018-10-28 13:25:14 UTC,406,0.17,4.39,12442.78
2018-10-28 13:26:15 UTC,407,0.17,4.39,9745.86
2018-10-28 13:27:15 UTC,408,0.17,4.39,8350.19
2018-10-28 13:28:16 UTC,409,0.19,3.89,15463.78
2018-10-28 13:29:17 UTC,410,0.17,4.39,8875.87
2018-10-28 13:30:18 UTC,411,0.18,4.39,14081.16
2018-10-28 13:31:19 UTC,412,0.18,4.14,10905.57
2018-10-28 13:32:19 UTC,413,0.17,4.39,13171.84
2018-10-28 13:33:20 UTC,414,0.17,4.39,12675.62
2018-10-28 13:34:20 UTC,415,0.18,4.39,12503.78
2018-10-28 13:35:21 UTC,416,0.17,4.39,8152.47
2018-10-28 13:36:21 UTC,417,0.19,3.64,13206.38
2018-10-28 13:37:22 UTC,418,0.19,3.64,6164.13
2018-10-28 13:38:23 UTC,419,0.18,4.39,9579.71
2018-10-28 13:39:24 UTC,420,0.19,3.64,13571.37
2018-10-28 13:40:24 UTC,421,0.18,4.39,8656.49
2018-10-28 13:41:25 UTC,422,0.18,4.39,6027.57
2018-10-28 13:42:25 UTC,423,0.18,4.39,10078.57
2018-10-28 13:43:26 UTC,424,0.18,4.39,10445.95
2018-10-28 13:44:27 UTC,425,0.18,4.39,11348.61
2018-10-28 13:45:28 UTC,426,0.18,4.39,13902.35
2018-10-28 13:46:29 UTC,427,0.18,4.39,9503.73
2018-10-28 13:47:30 UTC,428,0.21,3.64,9833.02
2018-10-28 13:48:31 UTC,429,0.19,4.14,11390.09
2018-10-28 13:49:32 UTC,430,0.18,4.39,12599.61
2018-10-28 13:50:33 UTC,431,0.20,3.89,9093.09
2018-10-28 13:51:34 UTC,432,0.18,4.39,9846.05
2018-10-28 13:52:34 UTC,433,0.18,4.39,10942.35
2018-10-28 13:53:35 UTC,434,0.18,4.39,11046.70
2018-10-28 13:54:36 UTC,435,0.19,4.39,9181.67
2018-10-28 13:55:36 UTC,436,0.18,4.39,9700.55
2018-10-28 13:56:37 UTC,437,0.18,4.39,9927.84
2018-10-28 13:57:38 UTC,438,0.20,3.64,8367.26
2018-10-28 13:58:39 UTC,439,0.19,4.14,9102.42
2018-10-28 13:59:40 UTC,440,0.19,4.39,8975.06
2018-10-28 14:00:41 UTC,441,0.20,3.89,8787.49
2018-10-28 14:01:42 UTC,442,0.19,4.39,9940.21
2018-10-28 14:02:42 UTC,443,0.19,4.39,9321.39
2018-10-28 14:03:43 UTC,444,0.19,4.39,7889.63
2018-10-28 14:04:44 UTC,445,0.19,4.39,15305.29
2018-10-28 14:05:44 UTC,446,0.19,4.39,10767.85
2018-10-28 14:06:45 UTC,447,0.19,4.39,8235.64
2018-10-28 14:07:46 UTC,448,0.19,4.39,11079.23
2018-10-28 14:10:47 UTC,449,0.19,4.39,16792.44
2018-10-28 14:11:48 UTC,450,0.21,3.89,9587.93
2018-10-28 14:12:48 UTC,451,0.19,4.39,11473.77
2018-10-28 14:13:49 UTC,452,0.20,3.89,8664.31
2018-10-28 14:14:50 UTC,453,0.20,3.64,12464.67
2018-10-28 14:15:51 UTC,454,0.19,4.39,11073.23
2018-10-28 14:16:52 UTC,455,0.19,4.39,10497.59
2018-10-28 14:17:53 UTC,456,0.20,4.39,8761.04
2018-10-28 14:18:54 UTC,457,0.19,4.39,9078.51
2018-10-28 14:19:55 UTC,458,0.21,3.89,12462.66
2018-10-28 14:20:55 UTC,459,0.19,4.39,10824.66
2018-10-28 14:21:56 UTC,460,0.20,4.39,11417.03
2018-10-28 14:22:57 UTC,461,0.20,4.39,7670.22
2018-10-28 14:23:58 UTC,462,0.20,4.39,9972.12
2018-10-28 14:24:58 UTC,463,0.20,4.39,11552.60
2018-10-28 14:25:59 UTC,464,0.20,4.39,11903.08
2018-10-28 14:26:59 UTC,465,0.20,4.39,19839.50
2018-10-28 14:28:00 UTC,466,0.20,4.39,14698.73
2018-10-28 14:29:01 UTC,467,0.22,3.64,11563.82
2018-10-28 14:30:02 UTC,468,0.21,4.39,14887.39
2018-10-28 14:31:03 UTC,469,0.23,3.64,10734.44
2018-10-28 14:32:04 UTC,470,0.21,4.39,11346.50
2018-10-28 14:33:05 UTC,471,0.21,4.39,12785.83
2018-10-28 14:34:05 UTC,472,0.21,4.14,11339.03
2018-10-28 14:35:06 UTC,473,0.21,4.39,16421.05
2018-10-28 14:36:07 UTC,474,0.23,3.64,15829.02
2018-10-28 14:37:08 UTC,475,0.22,3.89,12552.35
2018-10-28 14:38:08 UTC,476,0.22,4.14,12649.20
2018-10-28 14:39:09 UTC,477,0.21,4.39,7335.15
2018-10-28 14:40:10 UTC,478,0.21,4.39,16538.00
2018-10-28 14:41:11 UTC,479,0.21,4.39,11129.99
2018-10-28 14:42:11 UTC,480,0.21,4.39,9421.37
2018-10-28 14:43:12 UTC,481,0.21,4.39,9159.51
2018-10-28 14:44:13 UTC,482,0.21,4.39,8846.03
2018-10-28 14:45:14 UTC,483,0.21,4.39,8237.79
2018-10-28 14:46:14 UTC,484,0.21,4.39,9011.73
2018-10-28 14:47:15 UTC,485,0.21,4.39,6447.61
2018-10-28 14:48:15 UTC,486,0.21,4.39,9599.29
2018-10-28 14:49:16 UTC,487,0.21,4.39,8308.78
2018-10-28 14:50:17 UTC,488,0.21,4.39,6499.87
2018-10-28 14:51:18 UTC,489,0.21,4.39,11876.19
2018-10-28 14:52:18 UTC,490,0.21,4.39,6787.28
2018-10-28 14:53:19 UTC,491,0.23,3.89,6999.02
2018-10-28 14:54:20 UTC,492,0.21,4.39,7693.37
2018-10-28 14:55:21 UTC,493,0.21,4.39,7158.60
2018-10-28 14:56:21 UTC,494,0.22,4.39,7261.69
2018-10-28 14:57:22 UTC,495,0.21,4.39,6763.21
2018-10-28 14:58:23 UTC,496,0.24,3.64,9009.97
2018-10-28 14:59:23 UTC,497,0.21,4.39,7264.65
2018-10-28 15:00:24 UTC,498,0.22,4.39,8872.04
2018-10-28 15:01:24 UTC,499,0.22,4.39,6312.45
2018-10-28 15:02:25 UTC,500,0.23,3.64,8172.30
2018-10-28 15:03:27 UTC,501,0.22,4.39,9054.36
2018-10-28 15:04:27 UTC,502,0.22,4.39,13408.29
2018-10-28 15:05:27 UTC,503,0.23,4.39,18073.21
2018-10-28 15:06:28 UTC,504,0.24,3.64,14797.92
2018-10-28 15:07:29 UTC,505,0.22,4.39,9152.51
2018-10-28 15:08:30 UTC,506,0.22,4.39,10878.09
2018-10-28 15:09:31 UTC,507,0.23,3.89,8065.23
2018-10-28 15:10:31 UTC,508,0.22,4.39,14381.56
2018-10-28 15:11:32 UTC,509,0.22,4.39,9663.04
2018-10-28 15:12:33 UTC,510,0.22,4.39,11425.71
2018-10-28 15:13:34 UTC,511,0.22,4.39,11388.81
2018-10-28 15:14:34 UTC,512,0.24,3.64,11826.50
2018-10-28 15:15:35 UTC,513,0.22,4.14,13348.42
2018-10-28 15:16:36 UTC,514,0.22,4.14,10947.24
2018-10-28 15:17:37 UTC,515,0.22,4.39,11121.33
2018-10-28 15:18:38 UTC,516,0.22,4.14,13715.53
2018-10-28 15:19:39 UTC,517,0.22,4.14,10899.29
2018-10-28 15:20:40 UTC,518,0.23,4.14,11117.84
2018-10-28 15:21:41 UTC,519,0.23,4.14,7492.58
2018-10-28 15:22:42 UTC,520,0.22,4.14,7815.14
2018-10-28 15:23:42 UTC,521,0.22,4.14,12099.69
2018-10-28 15:24:43 UTC,522,0.22,4.14,8777.71
2018-10-28 15:25:44 UTC,523,0.23,4.14,10719.80
2018-10-28 15:26:45 UTC,524,0.23,4.14,11241.03
2018-10-28 15:27:45 UTC,525,0.22,4.39,12581.88
2018-10-28 15:28:46 UTC,526,0.25,3.64,7792.95
2018-10-28 15:29:46 UTC,527,0.23,4.14,13638.74
2018-10-28 15:30:47 UTC,528,0.23,4.14,11433.89
2018-10-28 15:31:48 UTC,529,0.23,4.14,5786.69
2018-10-28 15:32:48 UTC,530,0.25,3.64,8023.22
2018-10-28 15:33:49 UTC,531,0.22,4.39,12634.88
2018-10-28 15:34:50 UTC,532,0.23,4.39,9083.19
2018-10-28 15:35:50 UTC,533,0.23,4.14,8829.02
2018-10-28 15:36:51 UTC,534,0.25,3.64,10512.65
2018-10-28 15:37:52 UTC,535,0.23,4.39,9538.36
2018-10-28 15:38:53 UTC,536,0.23,4.39,10809.20
2018-10-28 15:39:54 UTC,537,0.24,4.14,14148.29
2018-10-28 15:40:54 UTC,538,0.25,3.64,8740.61
2018-10-28 15:41:55 UTC,539,0.23,4.39,16363.17
2018-10-28 15:42:56 UTC,540,0.25,3.64,10347.24
2018-10-28 15:43:57 UTC,541,0.25,3.64,11150.34
2018-10-28 15:44:57 UTC,542,0.23,4.14,10115.07
2018-10-28 15:45:58 UTC,543,0.23,4.39,12994.80
2018-10-28 15:47:00 UTC,544,0.23,4.39,8817.02
2018-10-28 15:48:00 UTC,545,0.25,3.64,9925.83
2018-10-28 15:49:01 UTC,546,0.23,4.39,9524.47
2018-10-28 15:50:01 UTC,547,0.23,4.14,12521.43
2018-10-28 15:51:02 UTC,548,0.23,4.39,9337.58
2018-10-28 15:52:03 UTC,549,0.25,3.64,8838.62
2018-10-28 15:53:03 UTC,550,0.25,3.64,8581.25
2018-10-28 15:54:04 UTC,551,0.25,3.89,22451.08
2018-10-28 15:55:05 UTC,552,0.24,4.14,22396.45
2018-10-28 15:56:06 UTC,553,0.26,3.64,9340.04
2018-10-28 15:57:07 UTC,554,0.24,4.39,8030.84
2018-10-28 15:58:07 UTC,555,0.26,3.64,10394.39
2018-10-28 15:59:08 UTC,556,0.26,3.64,24048.97
2018-10-28 16:00:09 UTC,557,0.24,4.14,16165.46
2018-10-28 16:01:09 UTC,558,0.24,4.14,7978.91
2018-10-28 16:02:10 UTC,559,0.24,4.14,10033.67
2018-10-28 16:03:11 UTC,560,0.24,4.14,6266.79
2018-10-28 16:04:13 UTC,561,0.24,4.14,9867.44
2018-10-28 16:05:13 UTC,562,0.24,4.14,7675.28
2018-10-28 16:06:14 UTC,563,0.24,4.14,8833.00
2018-10-28 16:07:15 UTC,564,0.24,4.14,8343.47
2018-10-28 16:08:16 UTC,565,0.24,4.14,10100.22
2018-10-28 16:09:16 UTC,566,0.27,3.40,7795.46
2018-10-28 16:10:17 UTC,567,0.25,4.14,22847.93
2018-10-28 16:11:17 UTC,568,0.25,4.14,12131.68
2018-10-28 16:12:18 UTC,569,0.25,4.14,6137.52
2018-10-28 16:13:19 UTC,570,0.25,4.14,7139.44
2018-10-28 16:14:20 UTC,571,0.25,4.14,9800.33
2018-10-28 16:15:22 UTC,572,0.25,4.14,9471.12
2018-10-28 16:16:22 UTC,573,0.25,4.14,8195.58
2018-10-28 16:17:23 UTC,574,0.25,3.89,7505.61
2018-10-28 16:18:24 UTC,575,0.28,3.40,9818.74
2018-10-28 16:19:25 UTC,576,0.26,3.89,9100.01
2018-10-28 16:20:28 UTC,577,0.26,3.64,8566.55
2018-10-28 16:21:28 UTC,578,0.25,4.14,7644.02
2018-10-28 16:22:29 UTC,579,0.25,4.39,7578.65
2018-10-28 16:23:30 UTC,580,0.24,4.14,8674.64
2018-10-28 16:24:31 UTC,581,0.24,4.39,7015.36
2018-10-28 16:25:31 UTC,582,0.23,4.39,6770.02
2018-10-28 16:26:32 UTC,583,0.24,4.14,8033.68
2018-10-28 16:27:33 UTC,584,0.23,4.39,8809.50
2018-10-28 16:28:33 UTC,585,0.23,4.39,8208.97
2018-10-28 16:29:34 UTC,586,0.23,4.39,9739.40
2018-10-28 16:30:35 UTC,587,0.23,4.39,13880.33
2018-10-28 16:31:35 UTC,588,0.24,4.14,8167.46
2018-10-28 16:32:36 UTC,589,0.23,4.39,9340.68
2018-10-28 16:33:37 UTC,590,0.23,4.39,10799.86
2018-10-28 16:34:37 UTC,591,0.24,4.39,10108.26
2018-10-28 16:35:38 UTC,592,0.24,4.14,11982.31
2018-10-28 16:36:39 UTC,593,0.26,3.89,8609.24
2018-10-28 16:37:40 UTC,594,0.24,4.39,11544.40
2018-10-28 16:38:41 UTC,595,0.24,4.14,9814.92
2018-10-28 16:39:41 UTC,596,0.25,4.14,9756.73
2018-10-28 16:40:42 UTC,597,0.25,4.14,8837.67
2018-10-28 16:41:43 UTC,598,0.25,4.14,10084.78
2018-10-28 16:42:43 UTC,599,0.25,4.14,9919.83
2018-10-28 16:43:43 UTC,600,0.25,4.14,7400.05
2018-10-28 16:44:44 UTC,601,0.26,3.89,9531.91
2018-10-28 16:45:45 UTC,602,0.25,4.14,7976.90
2018-10-28 16:46:45 UTC,603,0.25,4.14,9097.88
2018-10-28 16:47:45 UTC,604,0.25,4.14,9193.26
2018-10-28 16:48:46 UTC,605,0.25,4.14,7207.23
2018-10-28 16:49:46 UTC,606,0.28,3.64,9840.11
2018-10-28 16:50:47 UTC,607,0.25,4.14,9082.07
2018-10-28 16:51:47 UTC,608,0.26,4.14,10310.85
2018-10-28 16:52:47 UTC,609,0.26,4.14,10338.47
2018-10-28 16:53:48 UTC,610,0.25,4.14,8491.92
2018-10-28 16:54:48 UTC,611,0.28,3.40,7080.16
2018-10-28 16:55:49 UTC,612,0.26,4.14,10381.37
2018-10-28 16:56:50 UTC,613,0.26,4.14,7620.59
2018-10-28 16:57:50 UTC,614,0.25,4.14,8733.16
2018-10-28 16:58:52 UTC,615,0.26,4.14,9046.16
2018-10-28 16:59:52 UTC,616,0.27,3.89,12628.39
2018-10-28 17:00:53 UTC,617,0.26,4.14,8027.85
2018-10-28 17:01:54 UTC,618,0.28,3.40,9035.57
2018-10-28 17:02:54 UTC,619,0.26,4.14,9329.25
2018-10-28 17:03:55 UTC,620,0.26,4.14,10630.32
2018-10-28 17:04:55 UTC,621,0.26,4.14,8745.87
2018-10-28 17:05:56 UTC,622,0.26,4.14,10611.18
2018-10-28 17:06:57 UTC,623,0.29,3.40,10191.57
2018-10-28 17:07:58 UTC,624,0.26,4.14,8161.32
2018-10-28 17:08:58 UTC,625,0.26,4.14,10105.15
2018-10-28 17:09:59 UTC,626,0.26,4.14,13686.56
2018-10-28 17:11:00 UTC,627,0.29,3.40,7617.70
2018-10-28 17:12:00 UTC,628,0.26,4.14,9877.54
2018-10-28 17:13:01 UTC,629,0.28,3.64,11406.17
2018-10-28 17:14:01 UTC,630,0.27,3.89,9379.58
2018-10-28 17:15:02 UTC,631,0.27,4.14,9735.98
2018-10-28 17:16:02 UTC,632,0.27,4.14,11743.37
2018-10-28 17:17:03 UTC,633,0.27,4.14,8103.59
2018-10-28 17:18:04 UTC,634,0.27,3.89,7351.59
2018-10-28 17:19:04 UTC,635,0.27,4.14,9013.99
2018-10-28 17:20:05 UTC,636,0.30,3.40,14870.94
2018-10-28 17:21:05 UTC,637,0.29,3.64,5855.82
2018-10-28 17:22:06 UTC,638,0.27,3.89,6167.63
2018-10-28 17:23:07 UTC,639,0.27,3.89,7640.16
2018-10-28 17:24:07 UTC,640,0.27,3.89,5175.70
2018-10-28 17:25:08 UTC,641,0.27,3.89,6083.53
2018-10-28 17:26:09 UTC,642,0.30,3.40,7520.49
2018-10-28 17:27:10 UTC,643,0.27,3.89,6763.96
2018-10-28 17:28:12 UTC,644,0.27,3.89,8328.53
2018-10-28 17:29:13 UTC,645,0.27,3.89,7948.25
2018-10-28 17:30:13 UTC,646,0.27,3.89,9692.13
2018-10-28 17:31:15 UTC,647,0.27,4.14,9160.84
2018-10-28 17:32:15 UTC,648,0.29,3.64,5618.60
2018-10-28 17:33:16 UTC,649,0.29,3.64,7185.46
2018-10-28 17:34:17 UTC,650,0.27,3.89,7525.88
2018-10-28 17:35:17 UTC,651,0.27,3.89,4961.35
2018-10-28 17:36:18 UTC,652,0.27,3.89,6987.62
2018-10-28 17:37:19 UTC,653,0.29,3.89,6666.11
2018-10-28 17:38:19 UTC,654,0.28,3.89,7354.28
2018-10-28 17:39:20 UTC,655,0.28,3.89,6534.02
2018-10-28 17:40:21 UTC,656,0.28,3.89,9568.22
2018-10-28 17:41:23 UTC,657,0.28,3.89,6587.71
2018-10-28 17:42:23 UTC,658,0.28,3.89,7499.23
2018-10-28 17:43:24 UTC,659,0.28,3.89,7024.69
2018-10-28 17:44:25 UTC,660,0.30,3.64,7409.10
2018-10-28 17:45:27 UTC,661,0.28,3.89,7085.19
2018-10-28 17:46:27 UTC,662,0.28,3.89,6450.53
2018-10-28 17:47:28 UTC,663,0.28,3.89,5178.85
2018-10-28 17:48:29 UTC,664,0.28,3.89,7282.91
2018-10-28 17:49:30 UTC,665,0.29,3.89,6493.25
2018-10-28 17:50:31 UTC,666,0.31,3.64,18406.16
2018-10-28 17:51:32 UTC,667,0.28,4.14,28315.04
2018-10-28 17:52:33 UTC,668,0.28,4.14,14160.13
2018-10-28 17:53:34 UTC,669,0.27,4.89,23002.48
2018-10-28 17:54:34 UTC,670,0.23,8.71,37726.11
2018-10-28 17:55:34 UTC,671,0.21,15.19,34567.47
2018-10-28 17:56:35 UTC,672,0.09,64.49,29145.33
2018-10-28 17:57:35 UTC,673,0.05,56.31,7835.54
2018-10-28 17:58:35 UTC,674,0.04,93.94,7849.43
2018-10-28 17:59:36 UTC,675,0.02,148.97,7891.71
2018-10-28 18:00:36 UTC,676,0.02,338.66,7283.91
2018-10-28 18:01:37 UTC,677,0.02,80.00,9352.52
2018-10-28 18:02:38 UTC,678,0.02,198.34,10489.15
2018-10-28 18:03:38 UTC,679,0.02,182.67,14871.04
2018-10-28 18:04:39 UTC,680,0.02,149.80,5389.75
2018-10-28 18:05:39 UTC,681,0.02,150.63,7691.41
2018-10-28 18:06:40 UTC,682,0.02,143.26,8061.58
2018-10-28 18:07:41 UTC,683,0.02,144.07,9784.00
2018-10-28 18:08:42 UTC,684,0.02,113.21,8580.48
2018-10-28 18:09:43 UTC,685,0.02,105.67,13320.83
2018-10-28 18:10:43 UTC,686,0.03,55.32,6310.95
2018-10-28 18:11:44 UTC,687,0.04,60.34,12042.10
2018-10-28 18:12:45 UTC,688,0.04,53.85,8294.17
2018-10-28 18:13:46 UTC,689,0.04,50.95,10493.69
2018-10-28 18:14:47 UTC,690,0.05,41.31,5916.45
2018-10-28 18:15:51 UTC,691,0.05,43.09,5669.98
2018-10-28 18:16:52 UTC,692,0.05,37.84,8805.11
2018-10-28 18:17:52 UTC,693,0.06,23.53,7856.22
2018-10-28 18:18:53 UTC,694,0.06,28.06,8640.87
2018-10-28 18:19:54 UTC,695,0.06,22.07,6500.07
2018-10-28 18:20:55 UTC,696,0.06,28.45,6644.54
2018-10-28 18:21:56 UTC,697,0.06,26.53,7311.50
2018-10-28 18:22:59 UTC,698,0.06,28.06,6223.68
2018-10-28 18:23:59 UTC,699,0.06,31.62,5483.00
2018-10-28 18:25:00 UTC,700,0.06,35.72,7360.27
2018-10-28 18:26:01 UTC,701,0.06,23.53,8590.99
2018-10-28 18:27:02 UTC,702,0.08,12.00,7971.08
2018-10-28 18:28:02 UTC,703,0.09,10.48,8454.00
2018-10-28 18:29:03 UTC,704,0.10,9.29,8370.09
2018-10-28 18:30:03 UTC,705,0.10,8.43,9076.13
2018-10-28 18:31:04 UTC,706,0.10,8.14,6161.02
2018-10-28 18:32:04 UTC,707,0.11,7.58,9155.53
2018-10-28 18:33:05 UTC,708,0.11,7.30,7634.23
2018-10-28 18:34:06 UTC,709,0.12,6.48,6073.99
2018-10-28 18:35:06 UTC,710,0.12,6.21,8199.45
2018-10-28 18:36:06 UTC,711,0.12,6.48,8920.96
2018-10-28 18:37:07 UTC,712,0.12,6.21,7603.27
2018-10-28 18:38:07 UTC,713,0.12,5.94,6736.66
2018-10-28 18:39:10 UTC,714,0.13,5.94,6639.81
2018-10-28 18:40:10 UTC,715,0.13,5.67,11367.33
2018-10-28 18:41:11 UTC,716,0.13,5.94,8604.17
2018-10-28 18:42:12 UTC,717,0.14,5.41,5998.53
2018-10-28 18:43:12 UTC,718,0.14,5.67,6729.49
2018-10-28 18:44:13 UTC,719,0.14,5.67,5485.69
2018-10-28 18:45:14 UTC,720,0.14,5.41,7525.86
2018-10-28 18:46:15 UTC,721,0.14,5.41,10752.36
2018-10-28 18:47:15 UTC,722,0.15,5.15,6821.18
